Cluster ID,Average Coverage,SD Coverage,Average Divergence,SD Divergence,Slope,Estimated Half-life,Top Hit,No. of Hits,%cluster,%genome
CL4,5463.401429,1663.358893,0.055395208,0.012791869,-8.204279675,0.08448605,LTR.Gypsy,313hits,1.47%,0.903
CL5,7652.19,NA,0.057068334,NA,NA,NA,LTR.Copia,5552hits,35.80%,0.894
CL6,6425.895,1128.281789,0.046695136,0.01258099,-13.92960454,0.049760722,Simple_repeat,1908hits,7.59%,0.879
CL7,5643.786667,1669.392342,0.047050159,0.027004735,-12.4178086,0.0558188,DNA.MULE.MuDR,160hits,0.92%,0.878
CL10,4569.805556,2518.641946,0.057543509,0.005187942,-71.67454638,0.009670758,LTR.Copia,8895hits,74%,0.756
CL11,4606.825,2076.808888,0.064199061,0.024576834,-13.93817357,0.04973013,LTR.Gypsy,5441hits,49.10%,0.677
CL13,5564.968,2349.991299,0.059623114,0.013146766,43.93170337,-0.015777835,DNA.hAT.Ac,698hits,4.67%,0.624
CL14,7022.6625,363.5093574,0.034202012,0.00324983,6.218120456,-0.111472138,Simple_repeat,599hits,2.79%,0.617
CL15,6567.405,455.8646708,0.024606424,0.000542392,-128.0790353,0.005411871,Simple_repeat,2168hits,8.65%,0.59
CL16,5358.64,576.5579546,0.040385227,0.003830311,-0.606750156,1.142393082,LTR.Gypsy,4524hits,47.30%,0.566
CL17,3179.2525,2049.62714,0.017352968,0.00542848,-116.6033966,0.005944485,Simple_repeat,371hits,1.57%,0.542
CL18,3853.57,2324.238389,0.044284577,0.025654861,22.18437018,-0.031244844,Simple_repeat,1137hits,9.49%,0.503
CL19,4751.341429,1890.581892,0.040807522,0.015568157,-14.16052164,0.048949269,LTR.Copia,95hits,0.68%,0.488
CL20,4694.885,1588.559894,0.024269032,0.008395009,-28.41174319,0.024396503,Simple_repeat,50hits,0.22%,0.439
CL21,3353.07,1509.855916,0.073448351,0.008550229,-30.66091212,0.022606868,Simple_repeat,102hits,0.66%,0.428
CL22,5939.36,2037.788095,0.023133134,0.008509862,-42.52839737,0.016298455,LTR.Copia,386hits,5.52%,0.41
CL23,4627.651667,1574.715359,0.052069047,0.006970213,-41.29936463,0.016783483,LTR.Gypsy,1789hits,25.90%,0.403
CL24,5652.62,1097.247146,0.049630482,0.011105953,12.18606001,-0.056880335,Simple_repeat,238hits,1.53%,0.396
CL25,6383.732,1123.428454,0.048465249,0.008839841,-16.54943801,0.041883427,LTR.Copia,1637hits,25%,0.394
CL26,5056.023333,1192.635485,0.03674324,0.012844029,-20.49992717,0.033812178,LTR.Gypsy,513hits,6.97%,0.387
CL27,2652.1225,1121.045537,0.07792071,0.014776768,-0.904205026,0.766581871,LTR.Copia,193hits,2.75%,0.371
CL28,4267.87,4328.384455,0.052732705,0.00053217,-2396.265349,0.000289261,LTR.Copia,3141hits,52.10%,0.367
CL29,7362.44,NA,0.000362901,NA,NA,NA,,,,0.362
CL30,3064.878889,738.0422328,0.062659641,0.009587412,-21.4185344,0.032362027,DNA.CMC.EnSpm,961hits,14.90%,0.352
CL31,3420.21725,1866.646753,0.000638873,0.000603011,-613.1941151,0.001130388,rRNA,126hits,1.56%,0.352
CL32,4425.484286,1352.210176,0.070091279,0.01393285,-16.16278374,0.042885384,LTR.Gypsy,2675hits,45.80%,0.336
CL33,7122.89,37.75950212,0.047425573,0.000230583,-22.99034971,0.030149484,LTR.Copia,1511hits,25.80%,0.326
CL34,4949.82,1770.878223,0.035223923,0.005196787,-70.37146823,0.009849833,LTR.Gypsy,93hits,0.75%,0.325
CL35,2930.67,NA,0.048985644,NA,NA,NA,Simple_repeat,287hits,1.86%,0.32
CL36,7616.33,NA,0.017104197,NA,NA,NA,LTR.Gypsy,379hits,6.40%,0.32
CL37,7165.53,NA,0.048428283,NA,NA,NA,Simple_repeat,164hits,1.53%,0.314
CL38,3325.030667,1330.004445,0.060829546,0.004696117,63.08838571,-0.010986922,LTR.Copia,2751hits,54.90%,0.309
CL39,3023.204,2522.215933,0.047334589,0.027642684,-18.3173598,0.037840998,LTR.Gypsy,385hits,4.62%,0.308
CL40,2932.91,908.9017561,0.03841242,0.004149156,83.87723417,-0.00826383,Simple_repeat,61hits,0.60%,0.303
CL41,4240.725,4217.375762,0.000367425,0.000280521,4404.306732,-0.000157379,DNA.CMC.EnSpm,86hits,1.04%,0.286
CL42,1692.04,139.413173,0.099044215,0.010863762,-7.592853796,0.091289415,LTR.Gypsy,1285hits,25.60%,0.275
CL43,6723.49,NA,0.082453309,NA,NA,NA,DNA.hAT.Ac,457hits,6.29%,0.274
CL44,4127.86,1695.861817,0.028747609,0.008015251,-37.47358122,0.018496956,LTR.Gypsy,1100hits,23.60%,0.274
CL45,1614.67,100.8560618,0.000468095,0.000146328,321.2145941,-0.002157894,Simple_repeat,4hits,0.04%,0.258
CL46,4193.952667,3309.01458,0.034480971,0.027535146,-43.73177515,0.015849967,LTR.Copia,498hits,12.10%,0.244
CL47,4312.345,4134.714979,0.000596456,0.000599967,1945.516117,-0.000356279,LTR.Copia,105hits,2.20%,0.236
CL48,6050.815,200.9243919,0.053789073,0.009674095,-3.433114456,0.2019004,Simple_repeat,154hits,1.82%,0.233
CL49,5357.66,NA,0.04121258,NA,NA,NA,LTR.Copia,1044hits,25.70%,0.231
CL50,2276.32,863.3349534,0.000448768,8.86E-05,-4385.671076,0.000158048,LTR.Copia,163hits,4.16%,0.224
CL51,5499.425,1557.918874,0.090730403,0.002191847,131.0176088,-0.005290489,Simple_repeat,1hits,0.01%,0.223
CL52,3204.9115,3247.470624,0.009950209,0.012930733,-98.47623079,0.007038726,rRNA,2156hits,65.50%,0.213
CL53,2219.966667,513.9242458,0.000326739,0.000121626,-218.8304627,0.003167508,Simple_repeat,28hits,0.27%,0.213
CL54,5626.855,1462.07762,0.030960194,0.012314909,21.34192005,-0.032478202,Simple_repeat,788hits,7.86%,0.212
CL55,2943.3,2674.796459,0.00101985,0.000570336,-27.38286695,0.025313171,LTR.Gypsy,116hits,1.35%,0.207
CL56,1336.638333,195.613215,0.029813074,0.017268416,0.946252381,-0.732518295,LTR.Copia,679hits,20.30%,0.199
CL57,1690.236667,189.5720497,0.000505509,0.000121547,619.6475426,-0.001118615,Low_complexity,9hits,0.11%,0.196
CL58,1514.546,226.7803733,0.000757727,0.000668333,-84.35450455,0.008217074,LTR.Caulimovirus,12hits,0.35%,0.192
CL59,1664.497,746.601619,0.011989993,0.000975175,277.2739975,-0.002499864,Simple_repeat,123hits,1.71%,0.191
CL60,1301.126667,157.0305147,0.074797839,0.005791048,-5.751450178,0.120516941,LTR.Gypsy,870hits,27.70%,0.19
CL61,1316.261,504.3372812,0.041147377,0.025539822,2.328522696,-0.297676798,LTR.Gypsy,66hits,1.42%,0.189
CL62,1634.8,551.1327094,0.000988327,0.000378569,-215.9976119,0.00320905,DNA.CMC.EnSpm,63hits,1.75%,0.185
CL63,1637.48,265.2455517,0.000725068,0.000353466,-430.4700275,0.00161021,Low_complexity,14hits,0.25%,0.185
CL64,3002.57,NA,0.000256949,NA,NA,NA,DNA.CMC.EnSpm,73hits,2.40%,0.185
CL65,5668.795,398.8860063,0.056238395,0.015311132,-4.599488404,0.15070093,Simple_repeat,369hits,6.07%,0.181
CL66,2628.18,NA,0.000376842,NA,NA,NA,Simple_repeat,94hits,1.43%,0.179
CL67,3411.823333,952.9324589,0.077767693,0.013448529,20.02006195,-0.034622629,LINE.RTE.BovB,1513hits,49.20%,0.178
CL69,2050.473333,943.9166089,0.001097196,0.000615636,-345.7550502,0.002004735,Simple_repeat,12hits,0.20%,0.174
CL70,2244.555,329.9430952,0.029857974,0.004274166,34.51666237,-0.020081524,LTR.Gypsy,1678hits,60.50%,0.173
CL71,1463.88,298.7490451,0.000495112,0.000296588,-535.7159432,0.001293871,LTR.Copia,142hits,4.23%,0.17
CL72,2479.98,NA,0.000810747,NA,NA,NA,Simple_repeat,48hits,0.79%,0.169
CL73,3999.37,2879.183249,0.04584643,0.00342937,-231.5325174,0.002993736,LTR.Gypsy,57hits,0.80%,0.166
CL74,2707.22,518.4811167,0.035335324,0.003060396,-49.78861644,0.0139218,LTR.Copia,1186hits,43.40%,0.166
CL75,3286.01,NA,0.000262435,NA,NA,NA,LTR.Copia,121hits,4%,0.163
CL76,6961.355,522.2337132,0.015312645,0.00159738,47.00789713,-0.014745335,Simple_repeat,184hits,2.89%,0.163
CL77,5236.7,NA,0.000498323,NA,NA,NA,rRNA,5hits,0.18%,0.162
CL78,1929.665,867.5988073,0.000474053,0.000217247,-2143.877345,0.000323315,Simple_repeat,35hits,0.83%,0.162
CL79,2000.8385,1162.196656,0.062597322,0.026130003,3.660815549,-0.189342285,DNA.PIF.Harbinger,348hits,12.20%,0.16
CL80,1663.15,107.4660886,0.000720052,1.11E-05,-5827.087399,0.000118953,LTR.Gypsy,33hits,1.32%,0.159
CL81,2414.89425,2270.644371,0.052007683,0.009277327,-35.96568636,0.019272458,Simple_repeat,146hits,2.42%,0.156
CL82,2138.875,668.6896698,0.000486811,6.44E-05,-4936.970823,0.000140399,DNA.MULE.MuDR,18hits,0.28%,0.154
CL83,1740.58,146.1075611,0.066742804,0.011818477,0.524107893,-1.322527652,LTR.Copia,1239hits,51.80%,0.15
CL84,6762.79,NA,0.033996224,NA,NA,NA,Low_complexity,36hits,1.22%,0.143
CL85,1446.6,14.63711037,0.000631715,0.000319105,-31.70883759,0.021859747,DNA.TcMar.Stowaway,22hits,0.53%,0.142
CL87,1441.56,194.9620217,0.017336767,0.016473299,-8.110647054,0.085461391,Simple_repeat,41hits,0.75%,0.137
CL88,6529.52,NA,0.002782219,NA,NA,NA,Simple_repeat,72hits,1.67%,0.135
CL89,1638.02,NA,0.00024357,NA,NA,NA,LINE.L1,28hits,0.78%,0.132
CL90,1470.65,NA,0.000853379,NA,NA,NA,LTR.Gypsy,105hits,4.32%,0.132
CL91,5364.535,924.9310251,0.017621329,0.007781101,-22.26906329,0.031126014,LTR.Copia,84hits,3.65%,0.131
CL92,1436.515,168.4823328,0.001347929,6.18E-05,-1902.679787,0.0003643,Simple_repeat,16hits,0.36%,0.128
CL93,2040.51,1117.808542,0.000359034,0.000208123,-2777.080824,0.000249596,LTR.Gypsy,34hits,1.46%,0.127
CL95,2493.05,NA,0.000400103,NA,NA,NA,Simple_repeat,94hits,1.91%,0.127
CL96,1513.12,NA,0.000413362,NA,NA,NA,LTR.Gypsy,41hits,2.07%,0.124
CL97,3680.64,2551.806952,0.021592578,0.006469808,-117.2449135,0.00591196,Low_complexity,118hits,2.65%,0.123
CL98,3292.366667,3363.454651,0.040221179,0.030538253,31.81353972,-0.021787804,Simple_repeat,209hits,4.38%,0.121
CL99,1488.195,278.8475592,0.000992232,0.000848109,-222.2369226,0.003118956,Simple_repeat,1hits,0.01%,0.12
CL100,2694.66,NA,0.000361112,NA,NA,NA,Simple_repeat,81hits,1.51%,0.118
CL101,3545.626667,1788.235354,0.011907069,0.001913503,155.2926811,-0.004463489,LTR.Copia,48hits,2.33%,0.116
CL102,1950.63325,1828.643908,0.05206006,0.008440411,8.78556749,-0.078896119,LTR.Gypsy,368hits,16.30%,0.116
CL103,3022.76,NA,0.000230297,NA,NA,NA,Simple_repeat,1hits,0.01%,0.114
CL104,2863.36,NA,0.000288081,NA,NA,NA,Simple_repeat,2hits,0.06%,0.113
CL105,6848.1,NA,0.051171465,NA,NA,NA,Simple_repeat,27hits,0.77%,0.112
CL106,6768.38,NA,0.025481092,NA,NA,NA,Simple_repeat,305hits,12.80%,0.11
CL107,1657.666667,197.184075,0.086970021,0.010113306,-9.670265233,0.071678197,LTR.Copia,1450hits,83.80%,0.11
CL108,3337.81,254.643294,0.062981164,0.00029564,-258.3029437,0.002683466,LTR.Gypsy,40hits,1.47%,0.109
CL109,3726.33,NA,0.051266905,NA,NA,NA,LTR.Gypsy,448hits,22.60%,0.108
CL110,1429.505,96.51300456,0.000659309,0.000103001,-655.9749053,0.001056667,LTR.Copia,34hits,1.73%,0.107
CL111,1578.6,NA,0.000763346,NA,NA,NA,LTR.Copia,175hits,9.50%,0.106
CL112,1737.17,401.2009575,0.048396925,0.01211407,15.26934246,-0.045394697,LTR.Copia,617hits,35.10%,0.104
CL113,3049.21,NA,0.000328991,NA,NA,NA,Simple_repeat,1hits,0.02%,0.103
CL114,2870.64,NA,0.000264926,NA,NA,NA,Low_complexity,3hits,0.10%,0.102
CL115,2851.4,NA,0.000301486,NA,NA,NA,Simple_repeat,14hits,0.35%,0.098
CL116,1232.165333,385.8345027,0.022834571,0.007678874,-36.49834936,0.018991193,LTR.Copia,679hits,41.80%,0.097
CL117,2243.77,NA,0.00082966,NA,NA,NA,Simple_repeat,67hits,1.79%,0.095
CL118,1982.32,1359.893619,0.000663446,0.000505062,-1482.951807,0.00046741,Low_complexity,27hits,0.93%,0.094
CL119,2244.51,1604.891977,0.001051391,0.000544619,1445.856424,-0.000479402,rRNA,119hits,6.26%,0.093
CL120,1502.6,NA,0.00090096,NA,NA,NA,LTR.Copia,37hits,2.40%,0.092
CL121,1361.99,NA,0.001485019,NA,NA,NA,DNA.CMC.EnSpm,21hits,0.68%,0.092
CL122,965.8033333,90.76745766,0.046820537,0.02006011,-4.690442928,0.147778619,LTR.Gypsy,1039hits,70.50%,0.091
CL123,4159.33,NA,0.001076369,NA,NA,NA,LTR.Copia,257hits,15.60%,0.089
CL124,1211.986667,107.2101368,0.00105041,0.000222255,-13.78207755,0.050293374,Simple_repeat,13hits,0.37%,0.087
CL125,2009.973333,1139.520601,0.029579501,0.004898134,-2.679148897,0.258719171,LTR.Gypsy,128hits,5.82%,0.087
CL126,6746.37,NA,0.000695055,NA,NA,NA,Simple_repeat,33hits,1.18%,0.085
CL127,1502.67,NA,0.001637744,NA,NA,NA,LTR.Copia,143hits,8.14%,0.085
CL128,1765.46,NA,0.000242229,NA,NA,NA,DNA.hAT.Tip100,16hits,0.74%,0.085
CL129,1786.08,NA,0.000714603,NA,NA,NA,LTR.Copia,22hits,0.65%,0.085
CL130,1492.5522,432.1553773,0.047712837,0.009874988,-19.36857305,0.035787209,LTR.Gypsy,81hits,4%,0.081
CL131,3069.62,NA,0.00019356,NA,NA,NA,DNA.MULE.MuDR,57hits,3.37%,0.081
CL132,1593.13,NA,0.000686806,NA,NA,NA,LTR.Gypsy,171hits,12.60%,0.081
CL133,2409.12,NA,0.000779605,NA,NA,NA,LTR.Copia,216hits,14%,0.078
CL134,2886.92,NA,0.001640312,NA,NA,NA,Simple_repeat,26hits,0.91%,0.077
CL135,1486.83125,1257.633854,0.043492639,0.015662803,34.79861337,-0.019918816,DNA.CMC.EnSpm,20hits,1.27%,0.077
CL136,1524.456667,110.3902905,0.027175655,0.008901987,0.772594184,-0.89716852,LTR.Caulimovirus,251hits,19.30%,0.077
CL137,3836.325,2465.518711,0.035406905,0.000563149,-1231.229309,0.000562972,Simple_repeat,31hits,1.70%,0.074
CL138,1563.529,980.0616178,0.061811584,0.00470922,126.3053046,-0.005487871,DNA.hAT.Ac,139hits,10.80%,0.074
CL139,1505.74,NA,0.00075461,NA,NA,NA,,,,0.073
CL140,5130.99,NA,0.04625101,NA,NA,NA,LTR.Copia,832hits,70.50%,0.072
CL141,4278.52,NA,0.031095999,NA,NA,NA,Simple_repeat,102hits,2.38%,0.071
CL142,1471.03,NA,0.088819031,NA,NA,NA,Low_complexity,7hits,0.40%,0.07
CL143,1445.93,NA,0.000625358,NA,NA,NA,Low_complexity,36hits,2.09%,0.069
CL145,2422.93,NA,0.001103963,NA,NA,NA,Simple_repeat,59hits,1.81%,0.067
CL148,1871.1,NA,0.00031551,NA,NA,NA,,,,0.067
CL149,1655.49,NA,0.000521036,NA,NA,NA,,,,0.067
CL150,1382.94,NA,0.001315484,NA,NA,NA,LTR.Copia,23hits,1.61%,0.066
CL151,1607.96,NA,0.000619661,NA,NA,NA,LTR.Copia,24hits,2.02%,0.066
CL152,1417.3,NA,0.000670287,NA,NA,NA,Low_complexity,5hits,0.20%,0.066
CL153,1979.03,NA,0.056435513,NA,NA,NA,DNA.hAT.Ac,277hits,24%,0.066
CL154,1502.99,NA,0.000783098,NA,NA,NA,LTR.Gypsy,4hits,0.15%,0.066
CL155,4379.59,NA,0.04964037,NA,NA,NA,LTR.Copia,871hits,88.10%,0.064
CL156,1631.78,NA,0.000456443,NA,NA,NA,Simple_repeat,20hits,0.84%,0.063
CL157,6065.98,NA,0.089580265,NA,NA,NA,LTR.Copia,202hits,14.20%,0.062
CL158,1540.3,NA,0.00039862,NA,NA,NA,Simple_repeat,13hits,0.47%,0.062
CL159,1433.1,NA,0.001177389,NA,NA,NA,Simple_repeat,6hits,0.14%,0.062
CL160,1617.72,137.7161167,0.056410963,0.010003129,8.520615181,-0.081349429,DNA.MULE.MuDR,65hits,5.36%,0.06
CL161,1587.88,NA,0.000675913,NA,NA,NA,LTR.Gypsy,145hits,15%,0.059
CL162,876.297,NA,0.043879688,NA,NA,NA,LTR.Copia,194hits,13.30%,0.059
CL163,2625.87,NA,0.000521967,NA,NA,NA,Simple_repeat,23hits,0.66%,0.059
CL164,1798.07,NA,0.014831341,NA,NA,NA,Simple_repeat,6hits,0.36%,0.058
CL166,2518.84,NA,0.000777528,NA,NA,NA,Low_complexity,3hits,0.16%,0.058
CL165,1547.12,NA,0.000585752,NA,NA,NA,,,,0.058
CL167,1979.27,NA,0.000609643,NA,NA,NA,Low_complexity,17hits,0.81%,0.057
CL168,2582.99,NA,0.0002107,NA,NA,NA,Simple_repeat,8hits,0.33%,0.057
CL169,3596.24,NA,0.00141588,NA,NA,NA,rRNA,837hits,97.10%,0.057
CL170,1346.091667,602.2851146,0.079420578,0.007214959,69.0565361,-0.010037387,RC.Helitron,406hits,40.80%,0.057
CL171,1458.61,NA,0.000463443,NA,NA,NA,,,,0.057
CL173,2632.25,NA,0.000453328,NA,NA,NA,Simple_repeat,38hits,1.56%,0.055
CL174,1482.8,NA,0.000750357,NA,NA,NA,LTR.Copia,56hits,5.53%,0.055
CL175,1771.926667,369.0095708,0.077539734,0.00816328,3.026250815,-0.229044855,Simple_repeat,21hits,1.01%,0.055
CL172,1331.16,NA,0.001414974,NA,NA,NA,,,,0.055
CL176,1367.61,NA,0.084741745,NA,NA,NA,LTR.Copia,786hits,94.40%,0.054
CL177,4687.84,NA,0.03537434,NA,NA,NA,LTR.Copia,145hits,14.90%,0.054
CL178,1334.87,352.6341518,0.034684888,0.007928568,-33.71475279,0.020559165,Simple_repeat,10hits,0.53%,0.053
CL179,2370.19,NA,0.000367447,NA,NA,NA,Simple_repeat,6hits,0.24%,0.052
CL180,1334.115,281.6052756,0.020560857,0.00279038,-76.21505159,0.009094623,Simple_repeat,40hits,1.28%,0.052
CL181,1181.4635,336.2808932,0.000866466,0.000198385,1454.59563,-0.000476522,Simple_repeat,12hits,0.76%,0.05
CL182,1552.71,NA,0.079892748,NA,NA,NA,RC.Helitron,271hits,31.50%,0.049
CL184,650.466,118.9862723,0.04630914,0.005486451,33.52899509,-0.020673068,LTR.Copia,583hits,82.20%,0.045
CL186,1623.13,NA,0.064677867,NA,NA,NA,DNA.PIF.Harbinger,33hits,3.10%,0.044
CL188,1836.34,NA,0.020690791,NA,NA,NA,Simple_repeat,30hits,1.35%,0.044
CL187,2341.65,NA,0.000533365,NA,NA,NA,,,,0.044
CL190,1732.32,NA,0.024011816,NA,NA,NA,LTR.Gypsy,58hits,5.52%,0.043
CL191,3529.97,NA,0.011433748,NA,NA,NA,Simple_repeat,72hits,4.06%,0.043
CL193,1493.04,NA,0.061955504,NA,NA,NA,LTR.Copia,557hits,84.70%,0.042
CL192,1472.16,NA,0.000330204,NA,NA,NA,,,,0.042
CL194,1240.96,NA,0.000713772,NA,NA,NA,,,,0.042
CL195,1302.5,NA,0.000625639,NA,NA,NA,LTR.Copia,29hits,3.50%,0.041
CL196,2424.04,NA,0.000529754,NA,NA,NA,Simple_repeat,8hits,0.49%,0.041
CL198,1425.17,NA,0.000389675,NA,NA,NA,LTR.Copia,29hits,1.71%,0.041
CL199,1509.32,NA,0.000415676,NA,NA,NA,Simple_repeat,13hits,0.49%,0.04
CL200,1600.74,NA,0.000351438,NA,NA,NA,,,,0.039
CL202,1688.01,NA,0.043662605,NA,NA,NA,Simple_repeat,21hits,1.38%,0.038
CL203,1869.93,NA,0.000628881,NA,NA,NA,Simple_repeat,40hits,3.02%,0.038
CL204,2095.9,NA,0.0005115,NA,NA,NA,Simple_repeat,36hits,2.42%,0.038
CL205,1277.31,NA,0.000837387,NA,NA,NA,,,,0.038
CL206,1538.36,NA,0.022605281,NA,NA,NA,Simple_repeat,34hits,3.01%,0.037
CL209,2081.3,NA,0.037158681,NA,NA,NA,LTR.Gypsy,56hits,7.96%,0.036
CL212,4721.47,NA,0.047065327,NA,NA,NA,LTR.Copia,44hits,7.17%,0.034
CL214,1513.98,NA,0.000173314,NA,NA,NA,Simple_repeat,14hits,0.62%,0.034
CL215,1395.12,NA,0.073056556,NA,NA,NA,LTR.Copia,459hits,87.40%,0.034
CL216,2816.25,NA,0.001647766,NA,NA,NA,Simple_repeat,8hits,0.33%,0.033
CL218,3342.08,NA,0.01449829,NA,NA,NA,Simple_repeat,9hits,1.07%,0.032
CL219,1235.87,NA,0.055524445,NA,NA,NA,DNA.hAT.Ac,129hits,21.60%,0.032
CL220,2426.8,NA,0.047363069,NA,NA,NA,Simple_repeat,8hits,0.63%,0.032
CL221,1235.358,515.9220781,0.031062377,0.004870824,88.37259578,-0.007843463,LTR.Gypsy,56hits,8.62%,0.032
CL222,1329.89,NA,0.075644217,NA,NA,NA,RC.Helitron,127hits,22.30%,0.032
CL223,1306.01,NA,0.014014414,NA,NA,NA,Simple_repeat,22hits,2.01%,0.03
CL224,1334.07,NA,0.001239035,NA,NA,NA,Simple_repeat,6hits,0.46%,0.03
CL225,1335.4,NA,0.000709217,NA,NA,NA,Low_complexity,12hits,0.86%,0.029
CL228,1293.935,199.7788789,0.074505989,0.003296553,-47.02312552,0.01474056,DNA.MULE.MuDR,13hits,1.84%,0.026
CL229,1330.47,NA,0.001391121,NA,NA,NA,,,,0.026
CL230,1238.3,NA,0.083501832,NA,NA,NA,Simple_repeat,29hits,4.01%,0.025
CL231,1326.85,NA,0.001732559,NA,NA,NA,,,,0.025
CL234,1400.51,NA,0.002045742,NA,NA,NA,Simple_repeat,7hits,0.80%,0.024
CL232,1257.95,NA,0.000787933,NA,NA,NA,,,,0.024
CL237,1213.76,NA,0.000661423,NA,NA,NA,Low_complexity,1hits,0.17%,0.023
CL238,1264.33,NA,0.00098387,NA,NA,NA,Simple_repeat,1hits,0.11%,0.022
CL239,761.437,NA,0.078574284,NA,NA,NA,LTR.Copia,321hits,91.80%,0.022
CL241,2073.89,NA,0.060226475,NA,NA,NA,Simple_repeat,24hits,3.73%,0.022
CL240,1219.96,NA,0.000602121,NA,NA,NA,,,,0.022
CL243,1200.57,NA,0.001372912,NA,NA,NA,Simple_repeat,1hits,0.05%,0.021
CL245,525.329,106.8367636,0.064394692,0.003479589,-58.85485457,0.01177723,DNA.PIF.Harbinger,23hits,4.84%,0.021
CL247,986.956,NA,0.044312963,NA,NA,NA,LTR.Gypsy,127hits,38.60%,0.02
CL248,1411.06,NA,0.000936353,NA,NA,NA,,,,0.019
CL251,1132.76,NA,0.000855303,NA,NA,NA,,,,0.019
CL253,778.029,44.3172104,0.043094437,0.001556861,36.60680217,-0.018934928,Simple_repeat,7hits,1.30%,0.018
CL254,843.417,NA,0.07992552,NA,NA,NA,LTR.Copia,212hits,72.50%,0.018
CL255,762.915,20.72388554,0.058637139,0.005237858,5.186742874,-0.133638238,DNA.hAT.Ac,21hits,5.35%,0.018
CL256,2155.97,NA,0.003814081,NA,NA,NA,rRNA,259hits,96.80%,0.018
CL257,1246.35,NA,0.030282662,NA,NA,NA,Simple_repeat,3hits,0.54%,0.018
CL252,993.174,NA,0.001297478,NA,NA,NA,,,,0.018
CL260,797.156,NA,0.03793698,NA,NA,NA,DNA.CMC.EnSpm,107hits,37.10%,0.017
CL261,1096.414,263.1087764,0.019498964,0.012641485,19.16831158,-0.036161097,Simple_repeat,29hits,4.20%,0.017
CL262,1028.19,12.17637877,0.001412605,0.000365702,32.38376666,-0.021404156,,,,0.017
CL264,859.665,NA,0.002411764,NA,NA,NA,,,,0.017
CL266,785.335,89.98499476,0.049695438,0.009910794,-11.58669893,0.059822663,DNA.hAT.Ac,93hits,31.10%,0.016
CL267,612.969,NA,0.049382734,NA,NA,NA,LTR.Copia,238hits,97.60%,0.016
CL268,1324.76,NA,0.025775167,NA,NA,NA,Simple_repeat,8hits,1.46%,0.016
CL271,1048.32,NA,0.000795348,NA,NA,NA,,,,0.016
CL274,1115.98,NA,0.001017646,NA,NA,NA,LTR.Gypsy,7hits,1.76%,0.015
CL276,981.8295,88.41733903,0.035246425,0.004781371,18.85979349,-0.036752639,LTR.Gypsy,191hits,74.50%,0.015
CL279,864.778,NA,0.035529274,NA,NA,NA,Simple_repeat,11hits,1.64%,0.015
CL280,1699.88,NA,0.000605046,NA,NA,NA,Simple_repeat,15hits,3.73%,0.015
CL281,1347.58,NA,0.002025371,NA,NA,NA,Simple_repeat,10hits,1.35%,0.015
CL283,1563.02,NA,0.001772796,NA,NA,NA,Simple_repeat,11hits,1.34%,0.015
CL284,881.402,NA,0.056872206,NA,NA,NA,DNA.hAT.Ac,81hits,33.30%,0.014
CL288,672.8565,131.6314629,0.031316822,0.000442548,-444.908354,0.001557955,LTR.Gypsy,128hits,54.70%,0.014
CL289,883.269,NA,0.046351809,NA,NA,NA,LTR.Gypsy,6hits,1.79%,0.014
CL291,1079.18,NA,0.001806127,NA,NA,NA,Simple_repeat,2hits,0.39%,0.014
CL292,2575.8,NA,0.073299123,NA,NA,NA,Low_complexity,3hits,0.61%,0.014
CL285,1381.83,NA,0.002087403,NA,NA,NA,,,,0.014
CL287,1094.69,NA,0.000835257,NA,NA,NA,,,,0.014
CL295,778.344,NA,0.066624862,NA,NA,NA,Simple_repeat,2hits,0.47%,0.013
CL296,971.735,NA,0.029657598,NA,NA,NA,LTR.Gypsy,61hits,25%,0.013
CL297,679.564,NA,0.08565789,NA,NA,NA,LTR.Gypsy,158hits,76.90%,0.013
CL303,984.412,NA,0.055697853,NA,NA,NA,Simple_repeat,1hits,0.22%,0.012
CL305,630.8635,69.68749461,0.025712526,0.002310803,-47.90072534,0.014470494,LTR.Gypsy,155hits,80.90%,0.012
CL302,1220.79,NA,0.002704187,NA,NA,NA,,,,0.012
CL312,579.636,NA,0.041452553,NA,NA,NA,LTR.Copia,127hits,71.50%,0.011
CL313,1020.8,NA,0.016582182,NA,NA,NA,LTR.Copia,8hits,2.14%,0.011
CL319,1602.87,NA,0.02066505,NA,NA,NA,Low_complexity,15hits,6.64%,0.011
CL309,1024.46,NA,0.002846323,NA,NA,NA,,,,0.011
CL321,557.496,NA,0.029552684,NA,NA,NA,Simple_repeat,5hits,0.87%,0.01
CL323,526.601,NA,0.038290641,NA,NA,NA,LTR.Copia,94hits,56.80%,0.01
CL324,1144.41,NA,0.05428698,NA,NA,NA,LTR.Gypsy,13hits,4.85%,0.01
,,,,,,,,,,
,,,,,,,,,,
,,,,,,,,,,
,,,,,,,,,,
,,,,,,,,,,
,,,,,,,,,,
,,,,,,,,,,
,,,,,,,,,,
,,,,,,,,,,
,,,,,,,,,,
,,,,,,,,,,
,,,,,,,,,,
,,,,,,,,,,
,,,,,,,,,,
,,,,,,,,,,
,,,,,,,,,,
,,,,,,,,,,
,,,,,,,,,,
,,,,,,,,,,
,,,,,,,,,,
,,,,,,,,,,
,,,,,,,,,,
,,,,,,,,,,
,,,,,,,,,,
,,,,,,,,,,
,,,,,,,,,,
,,,,,,,,,,
,,,,,,,,,,
,,,,,,,,,,
,,,,,,,,,,
,,,,,,,,,,
,,,,,,,,,,
,,,,,,,,,,
,,,,,,,,,,
,,,,,,,,,,
,,,,,,,,,,
,,,,,,,,,,
,,,,,,,,,,
,,,,,,,,,,
,,,,,,,,,,
